# SCADA frequency-deviation telemetry, generator G4.  dt = 0.2 s.
# Column: t (s), freq_dev (rad/s, rotor speed deviation from grid nominal).
# Question: is this deterministic (low-dimensional chaos) or stochastic noise?
t,freq_dev
0.0100,1.456841
0.2100,1.411916
0.4100,1.316886
0.6100,1.202486
0.8100,1.102242
1.0100,0.983911
1.2100,0.903338
1.4100,0.835471
1.6100,0.713916
1.8100,0.633835
2.0100,0.584483
2.2100,0.514708
2.4100,0.445311
2.6100,0.361549
2.8100,0.316463
3.0100,0.266920
3.2100,0.160589
3.4100,0.110425
3.6100,0.011257
3.8100,-0.049704
4.0100,-0.136863
4.2100,-0.184213
4.4100,-0.287815
4.6100,-0.344353
4.8100,-0.438903
5.0100,-0.544180
5.2100,-0.696559
5.4100,-0.771946
5.6100,-0.887108
5.8100,-1.019334
6.0100,-1.196856
6.2100,-1.325898
6.4100,-1.483081
6.6100,-1.610942
6.8100,-1.671195
7.0100,-1.752497
7.2100,-1.710581
7.4100,-1.586398
7.6100,-1.432363
7.8100,-1.173915
8.0100,-0.871636
8.2100,-0.543335
8.4100,-0.223578
8.6100,0.151547
8.8100,0.518897
9.0100,0.783786
9.2100,1.122536
9.4100,1.351958
9.6100,1.520849
9.8100,1.688805
10.0100,1.710441
10.2100,1.658217
10.4100,1.627961
10.6100,1.559570
10.8100,1.461606
11.0100,1.406583
11.2100,1.339644
11.4100,1.328927
11.6100,1.348861
11.8100,1.342112
12.0100,1.424662
12.2100,1.502012
12.4100,1.622155
12.6100,1.708970
12.8100,1.819996
13.0100,1.889424
13.2100,1.913189
13.4100,1.844171
13.6100,1.641222
13.8100,1.427217
14.0100,1.178217
14.2100,0.814746
14.4100,0.519093
14.6100,0.198536
14.8100,-0.094020
15.0100,-0.408473
15.2100,-0.707245
15.4100,-0.952328
15.6100,-1.148754
15.8100,-1.255096
16.0100,-1.369228
16.2100,-1.371072
16.4100,-1.293699
16.6100,-1.178607
16.8100,-1.007250
17.0100,-0.816575
17.2100,-0.559849
17.4100,-0.315288
17.6100,-0.016267
17.8100,0.250993
18.0100,0.522337
18.2100,0.823370
18.4100,1.084507
18.6100,1.374878
18.8100,1.581499
19.0100,1.769253
19.2100,1.844176
19.4100,1.923546
19.6100,1.874620
19.8100,1.824793
20.0100,1.806784
20.2100,1.756669
20.4100,1.773554
20.6100,1.858926
20.8100,1.898466
21.0100,2.062863
21.2100,2.291960
21.4100,2.541130
21.6100,2.762199
21.8100,2.932449
22.0100,3.006799
22.2100,2.923794
22.4100,2.699935
22.6100,2.463966
22.8100,2.202996
23.0100,1.948053
23.2100,1.790462
23.4100,1.638917
23.6100,1.597306
23.8100,1.546680
24.0100,1.541453
24.2100,1.543144
24.4100,1.570680
24.6100,1.537488
24.8100,1.529408
25.0100,1.492136
25.2100,1.327940
25.4100,1.227071
25.6100,0.977728
25.8100,0.804772
26.0100,0.538088
26.2100,0.336365
26.4100,0.100621
26.6100,-0.135323
26.8100,-0.254966
27.0100,-0.392653
27.2100,-0.525462
27.4100,-0.589788
27.6100,-0.603068
27.8100,-0.590345
28.0100,-0.477874
28.2100,-0.401916
28.4100,-0.252160
28.6100,-0.103305
28.8100,0.079043
29.0100,0.251605
29.2100,0.485220
29.4100,0.628710
29.6100,0.802908
29.8100,0.909068
30.0100,0.988758
30.2100,1.056932
30.4100,1.081833
30.6100,1.095999
30.8100,1.070966
31.0100,1.042100
31.2100,0.984206
31.4100,0.959194
31.6100,0.976554
31.8100,0.906670
32.0100,0.886227
32.2100,0.913649
32.4100,0.948447
32.6100,0.919613
32.8100,0.988112
33.0100,1.038967
33.2100,1.090759
33.4100,1.227761
33.6100,1.308454
33.8100,1.407316
34.0100,1.477982
34.2100,1.565061
34.4100,1.568648
34.6100,1.546866
34.8100,1.437049
35.0100,1.283759
35.2100,1.131076
35.4100,0.851727
35.6100,0.601261
35.8100,0.319083
36.0100,0.038601
36.2100,-0.220929
36.4100,-0.432563
36.6100,-0.652427
36.8100,-0.808918
37.0100,-0.915474
37.2100,-0.947491
37.4100,-0.955230
37.6100,-0.903481
37.8100,-0.814249
38.0100,-0.679494
38.2100,-0.447278
38.4100,-0.234687
38.6100,-0.025437
38.8100,0.231563
39.0100,0.484526
39.2100,0.730164
39.4100,0.963110
39.6100,1.141918
39.8100,1.351129
40.0100,1.420472
40.2100,1.537371
40.4100,1.558182
40.6100,1.556772
40.8100,1.544921
41.0100,1.498070
41.2100,1.414483
41.4100,1.392921
41.6100,1.462511
41.8100,1.483427
42.0100,1.603801
42.2100,1.766164
42.4100,1.903972
42.6100,2.112293
42.8100,2.382984
43.0100,2.569436
43.2100,2.675897
43.4100,2.679133
43.6100,2.535608
43.8100,2.297302
44.0100,2.040884
44.2100,1.724243
44.4100,1.421143
44.6100,1.199407
44.8100,0.952615
45.0100,0.753808
45.2100,0.540905
45.4100,0.380609
45.6100,0.220428
45.8100,0.078714
46.0100,-0.037785
46.2100,-0.192626
46.4100,-0.305380
46.6100,-0.444083
46.8100,-0.554460
47.0100,-0.774734
47.2100,-0.891470
47.4100,-1.084009
47.6100,-1.264687
47.8100,-1.478925
48.0100,-1.636823
48.2100,-1.764616
48.4100,-1.884214
48.6100,-1.912549
48.8100,-1.864274
49.0100,-1.689636
49.2100,-1.487728
49.4100,-1.245272
49.6100,-0.889189
49.8100,-0.565514
50.0100,-0.230784
50.2100,0.186840
50.4100,0.583628
50.6100,0.905671
50.8100,1.205310
51.0100,1.494087
51.2100,1.761467
51.4100,1.894773
51.6100,1.966163
51.8100,1.966437
52.0100,1.919449
52.2100,1.861328
52.4100,1.784324
52.6100,1.728208
52.8100,1.690976
53.0100,1.755659
53.2100,1.814152
53.4100,1.976936
53.6100,2.089881
53.8100,2.281884
54.0100,2.427935
54.2100,2.477870
54.4100,2.513545
54.6100,2.369897
54.8100,2.094461
55.0100,1.815576
55.2100,1.472117
55.4100,1.070508
55.6100,0.793695
55.8100,0.466569
56.0100,0.160729
56.2100,-0.162572
56.4100,-0.442296
56.6100,-0.735012
56.8100,-1.001118
57.0100,-1.305491
57.2100,-1.581901
57.4100,-1.783893
57.6100,-1.996527
57.8100,-2.079854
58.0100,-2.098229
58.2100,-1.928191
58.4100,-1.764480
58.6100,-1.542362
58.8100,-1.300854
59.0100,-1.058867
59.2100,-0.805599
59.4100,-0.567867
59.6100,-0.321831
59.8100,-0.069086
60.0100,0.215655
60.2100,0.465884
60.4100,0.741088
60.6100,1.038373
60.8100,1.362505
61.0100,1.739519
61.2100,2.036278
61.4100,2.301407
61.6100,2.488751
61.8100,2.569148
62.0100,2.589356
62.2100,2.542293
62.4100,2.431940
62.6100,2.375697
62.8100,2.374969
63.0100,2.456743
63.2100,2.573658
63.4100,2.805825
63.6100,3.006871
63.8100,3.197978
64.0100,3.202785
64.2100,3.124179
64.4100,2.921823
64.6100,2.608658
64.8100,2.331240
65.0100,2.119895
65.2100,1.950747
65.4100,1.828899
65.6100,1.810647
65.8100,1.834688
66.0100,1.803678
66.2100,1.818139
66.4100,1.790542
66.6100,1.762615
66.8100,1.619382
67.0100,1.451301
67.2100,1.277244
67.4100,0.975877
67.6100,0.738213
67.8100,0.465549
68.0100,0.167090
68.2100,-0.082194
68.4100,-0.283319
68.6100,-0.521885
68.8100,-0.685401
69.0100,-0.809826
69.2100,-0.839949
69.4100,-0.815188
69.6100,-0.775756
69.8100,-0.713792
70.0100,-0.568460
70.2100,-0.382384
70.4100,-0.161144
70.6100,0.051048
70.8100,0.288600
71.0100,0.516543
71.2100,0.717843
71.4100,0.912842
71.6100,1.075038
71.8100,1.187158
72.0100,1.274569
72.2100,1.337262
72.4100,1.313394
72.6100,1.280190
72.8100,1.209713
73.0100,1.212593
73.2100,1.133803
73.4100,1.125660
73.6100,1.170694
73.8100,1.190386
74.0100,1.221627
74.2100,1.266318
74.4100,1.396592
74.6100,1.519504
74.8100,1.693598
75.0100,1.879581
75.2100,1.977674
75.4100,2.054739
75.6100,2.074261
75.8100,2.034567
76.0100,1.876986
76.2100,1.621613
76.4100,1.352865
76.6100,0.999507
76.8100,0.701775
77.0100,0.355819
77.2100,0.016468
77.4100,-0.344803
77.6100,-0.641395
77.8100,-0.950244
78.0100,-1.220715
78.2100,-1.440272
78.4100,-1.619043
78.6100,-1.706814
78.8100,-1.665885
79.0100,-1.611808
79.2100,-1.465366
79.4100,-1.264249
79.6100,-1.103018
79.8100,-0.850752
80.0100,-0.588218
80.2100,-0.333311
80.4100,-0.090489
80.6100,0.205414
80.8100,0.468964
81.0100,0.733364
81.2100,1.042278
81.4100,1.382771
81.6100,1.669304
81.8100,1.880879
82.0100,2.144751
82.2100,2.250354
82.4100,2.303718
82.6100,2.241870
82.8100,2.181347
83.0100,2.103558
83.2100,2.148353
83.4100,2.122255
83.6100,2.254788
83.8100,2.378396
84.0100,2.619387
84.2100,2.829168
84.4100,3.066190
84.6100,3.205886
84.8100,3.134419
85.0100,3.022998
85.2100,2.771540
85.4100,2.492546
85.6100,2.286998
85.8100,2.132849
86.0100,2.053791
86.2100,2.017233
86.4100,2.027745
86.6100,2.072741
86.8100,2.080876
87.0100,2.055302
87.2100,1.992859
87.4100,1.847181
87.6100,1.563511
87.8100,1.304630
88.0100,0.969963
88.2100,0.629331
88.4100,0.334188
88.6100,-0.012001
88.8100,-0.270286
89.0100,-0.587137
89.2100,-0.800696
89.4100,-1.006202
89.6100,-1.156628
89.8100,-1.207603
90.0100,-1.232446
90.2100,-1.159378
90.4100,-1.051724
90.6100,-0.898631
90.8100,-0.663404
91.0100,-0.414031
91.2100,-0.128692
91.4100,0.113961
91.6100,0.415759
91.8100,0.662708
92.0100,0.976033
92.2100,1.180424
92.4100,1.364503
92.6100,1.546070
92.8100,1.658417
93.0100,1.639969
93.2100,1.638518
93.4100,1.607945
93.6100,1.554386
93.8100,1.547768
94.0100,1.510955
94.2100,1.533930
94.4100,1.623108
94.6100,1.705519
94.8100,1.883795
95.0100,2.048178
95.2100,2.254894
95.4100,2.440591
95.6100,2.655426
95.8100,2.653758
96.0100,2.585275
96.2100,2.387622
96.4100,2.121171
96.6100,1.812137
96.8100,1.539117
97.0100,1.186625
97.2100,0.906680
97.4100,0.672232
97.6100,0.441034
97.8100,0.273116
98.0100,0.074949
98.2100,-0.155739
98.4100,-0.359945
98.6100,-0.539955
98.8100,-0.714680
99.0100,-1.019701
99.2100,-1.185793
99.4100,-1.458386
99.6100,-1.654169
99.8100,-1.912933
100.0100,-2.065796
100.2100,-2.182391
100.4100,-2.166649
100.6100,-2.012434
100.8100,-1.828591
101.0100,-1.595058
101.2100,-1.309982
101.4100,-1.019424
101.6100,-0.673347
101.8100,-0.348771
102.0100,-0.030534
102.2100,0.293505
102.4100,0.605035
102.6100,0.966325
102.8100,1.310661
103.0100,1.672064
103.2100,1.987987
103.4100,2.193917
103.6100,2.342818
103.8100,2.422613
104.0100,2.393806
104.2100,2.321583
104.4100,2.255092
104.6100,2.182189
104.8100,2.215684
105.0100,2.270407
105.2100,2.415344
105.4100,2.597835
105.6100,2.795376
105.8100,2.961562
106.0100,3.048854
106.2100,2.981513
106.4100,2.808926
106.6100,2.534025
106.8100,2.211037
107.0100,1.961885
107.2100,1.698777
107.4100,1.529410
107.6100,1.402085
107.8100,1.277340
108.0100,1.268453
108.2100,1.246605
108.4100,1.237949
108.6100,1.241615
108.8100,1.253450
109.0100,1.244283
109.2100,1.244117
109.4100,1.199838
109.6100,1.145549
109.8100,1.023839
110.0100,0.931560
110.2100,0.790194
110.4100,0.634694
110.6100,0.477204
110.8100,0.351594
111.0100,0.174862
111.2100,0.102862
111.4100,0.006175
111.6100,-0.060770
111.8100,-0.100586
112.0100,-0.136978
112.2100,-0.119731
112.4100,-0.069470
112.6100,-0.021327
112.8100,0.042358
113.0100,0.087436
113.2100,0.213966
113.4100,0.313231
113.6100,0.392855
113.8100,0.451935
114.0100,0.478902
114.2100,0.576991
114.4100,0.587497
114.6100,0.555670
114.8100,0.613269
115.0100,0.560301
115.2100,0.534413
115.4100,0.504836
115.6100,0.487982
115.8100,0.388608
116.0100,0.323012
116.2100,0.261678
116.4100,0.154379
116.6100,0.001478
116.8100,-0.136678
117.0100,-0.310147
117.2100,-0.470569
117.4100,-0.638183
117.6100,-0.844540
117.8100,-1.066252
118.0100,-1.265094
118.2100,-1.502847
118.4100,-1.659183
118.6100,-1.764260
118.8100,-1.825427
119.0100,-1.808767
119.2100,-1.758937
119.4100,-1.670869
119.6100,-1.536941
119.8100,-1.443812
120.0100,-1.350300
120.2100,-1.222853
120.4100,-1.180202
120.6100,-1.147451
120.8100,-1.192019
121.0100,-1.199163
121.2100,-1.264729
121.4100,-1.354514
121.6100,-1.484366
121.8100,-1.556066
122.0100,-1.634973
122.2100,-1.723373
122.4100,-1.774641
122.6100,-1.729574
122.8100,-1.604828
123.0100,-1.489725
123.2100,-1.186348
123.4100,-0.873049
123.6100,-0.538819
123.8100,-0.171499
124.0100,0.166297
124.2100,0.488996
124.4100,0.805738
124.6100,1.096925
124.8100,1.302616
125.0100,1.483068
125.2100,1.603740
125.4100,1.658929
125.6100,1.593189
125.8100,1.530129
126.0100,1.446103
126.2100,1.372675
126.4100,1.254302
126.6100,1.206895
126.8100,1.099530
127.0100,1.077148
127.2100,1.060462
127.4100,1.084774
127.6100,1.114547
127.8100,1.106090
128.0100,1.175006
128.2100,1.266534
128.4100,1.315341
128.6100,1.358921
128.8100,1.450900
129.0100,1.448423
129.2100,1.413464
129.4100,1.309573
129.6100,1.205287
129.8100,1.002133
130.0100,0.818073
130.2100,0.547312
130.4100,0.310653
130.6100,0.098655
130.8100,-0.137519
131.0100,-0.304069
131.2100,-0.474362
131.4100,-0.621102
131.6100,-0.680145
131.8100,-0.719911
132.0100,-0.677541
132.2100,-0.644794
132.4100,-0.535094
132.6100,-0.360212
132.8100,-0.168791
133.0100,0.018623
133.2100,0.185440
133.4100,0.398772
133.6100,0.631080
133.8100,0.790546
134.0100,0.943121
134.2100,1.103223
134.4100,1.211216
134.6100,1.248236
134.8100,1.258530
135.0100,1.260222
135.2100,1.280193
135.4100,1.220957
135.6100,1.203572
135.8100,1.190752
136.0100,1.195815
136.2100,1.196134
136.4100,1.258873
136.6100,1.307412
136.8100,1.426322
137.0100,1.553344
137.2100,1.763985
137.4100,1.924599
137.6100,2.089456
137.8100,2.241273
138.0100,2.318398
138.2100,2.313898
138.4100,2.138468
138.6100,1.926050
138.8100,1.649354
139.0100,1.381364
139.2100,1.011167
139.4100,0.652326
139.6100,0.338193
139.8100,0.042134
140.0100,-0.320373
140.2100,-0.635143
140.4100,-0.910051
140.6100,-1.219400
140.8100,-1.487657
141.0100,-1.741304
141.2100,-1.859104
141.4100,-1.946433
141.6100,-1.960120
141.8100,-1.862548
142.0100,-1.754107
142.2100,-1.495280
142.4100,-1.284866
142.6100,-1.039261
142.8100,-0.803077
143.0100,-0.596140
143.2100,-0.397622
143.4100,-0.128845
143.6100,0.084393
143.8100,0.341135
144.0100,0.602383
144.2100,0.895890
144.4100,1.166453
144.6100,1.562114
144.8100,1.868598
145.0100,2.185706
145.2100,2.443598
145.4100,2.555393
145.6100,2.568683
145.8100,2.552164
146.0100,2.466785
146.2100,2.404569
146.4100,2.383282
146.6100,2.378629
146.8100,2.541570
147.0100,2.690311
147.2100,2.948098
147.4100,3.139888
147.6100,3.245123
147.8100,3.220627
148.0100,3.045512
148.2100,2.791572
148.4100,2.497062
148.6100,2.288462
148.8100,2.144024
149.0100,2.032264
149.2100,1.966077
149.4100,1.947320
149.6100,1.938590
149.8100,1.999035
150.0100,1.959166
150.2100,1.897008
150.4100,1.764723
150.6100,1.577763
150.8100,1.317011
151.0100,1.036036
151.2100,0.709242
151.4100,0.413876
151.6100,0.166869
151.8100,-0.161092
152.0100,-0.419106
152.2100,-0.624614
152.4100,-0.800562
152.6100,-0.967097
152.8100,-1.023105
153.0100,-1.014282
153.2100,-0.979858
153.4100,-0.878232
153.6100,-0.695195
153.8100,-0.544756
154.0100,-0.304289
154.2100,-0.070526
154.4100,0.226344
154.6100,0.415951
154.8100,0.691079
155.0100,0.923721
155.2100,1.146177
155.4100,1.302316
155.6100,1.427204
155.8100,1.427905
156.0100,1.490275
156.2100,1.452389
156.4100,1.408687
156.6100,1.391534
156.8100,1.329079
157.0100,1.290822
157.2100,1.335674
157.4100,1.355719
157.6100,1.450655
157.8100,1.585944
158.0100,1.734457
158.2100,1.936183
158.4100,2.086333
158.6100,2.227123
158.8100,2.355630
159.0100,2.376387
159.2100,2.285832
159.4100,2.129738
159.6100,1.839258
159.8100,1.496395
160.0100,1.214354
160.2100,0.862167
160.4100,0.543400
160.6100,0.220038
160.8100,-0.080027
161.0100,-0.397752
161.2100,-0.677315
161.4100,-0.993884
161.6100,-1.286283
161.8100,-1.556667
162.0100,-1.824158
162.2100,-1.964508
162.4100,-2.047365
162.6100,-2.024140
162.8100,-1.952972
163.0100,-1.722418
163.2100,-1.539128
163.4100,-1.331513
163.6100,-1.103218
163.8100,-0.840120
164.0100,-0.607083
164.2100,-0.393617
164.4100,-0.150193
164.6100,0.069246
164.8100,0.339673
165.0100,0.578754
165.2100,0.878733
165.4100,1.207913
165.6100,1.566355
165.8100,1.825700
166.0100,2.146280
166.2100,2.393459
166.4100,2.592476
166.6100,2.616898
166.8100,2.602582
167.0100,2.532240
167.2100,2.430698
167.4100,2.388185
167.6100,2.423055
167.8100,2.495346
168.0100,2.684098
168.2100,2.919381
168.4100,3.127720
168.6100,3.232049
168.8100,3.175110
169.0100,3.038089
169.2100,2.808972
169.4100,2.523698
169.6100,2.257369
169.8100,2.043751
170.0100,1.941840
170.2100,1.846626
170.4100,1.812550
170.6100,1.828410
170.8100,1.890515
171.0100,1.867502
171.2100,1.848911
171.4100,1.723412
171.6100,1.597102
171.8100,1.355170
172.0100,1.109688
172.2100,0.882103
172.4100,0.558060
172.6100,0.247272
172.8100,-0.014981
173.0100,-0.253911
173.2100,-0.452567
173.4100,-0.664832
173.6100,-0.823403
173.8100,-0.877051
174.0100,-0.899017
174.2100,-0.868852
174.4100,-0.762670
174.6100,-0.652248
174.8100,-0.471665
175.0100,-0.308013
175.2100,-0.045404
175.4100,0.214283
175.6100,0.425113
175.8100,0.643813
176.0100,0.852178
176.2100,1.066100
176.4100,1.155602
176.6100,1.272359
176.8100,1.340433
177.0100,1.363540
177.2100,1.327089
177.4100,1.310051
177.6100,1.259231
177.8100,1.231338
178.0100,1.202430
178.2100,1.177056
178.4100,1.217759
178.6100,1.281251
178.8100,1.319628
179.0100,1.439522
179.2100,1.591201
179.4100,1.711731
179.6100,1.899743
179.8100,2.023866
180.0100,2.173280
180.2100,2.229132
180.4100,2.161490
180.6100,1.957306
180.8100,1.733938
181.0100,1.421188
181.2100,1.088172
181.4100,0.771804
181.6100,0.368924
181.8100,0.076037
182.0100,-0.278077
182.2100,-0.570760
182.4100,-0.902279
182.6100,-1.203706
182.8100,-1.432824
183.0100,-1.618191
183.2100,-1.755611
183.4100,-1.787104
183.6100,-1.763590
183.8100,-1.678345
184.0100,-1.444879
184.2100,-1.240116
184.4100,-1.022811
184.6100,-0.787075
184.8100,-0.526203
185.0100,-0.310581
185.2100,-0.063954
185.4100,0.207857
185.6100,0.510352
185.8100,0.749763
186.0100,1.106713
186.2100,1.383889
186.4100,1.682138
186.6100,2.007498
186.8100,2.201575
187.0100,2.317709
187.2100,2.387576
187.4100,2.389750
187.6100,2.329641
187.8100,2.230155
188.0100,2.213545
188.2100,2.246211
188.4100,2.318997
188.6100,2.511633
188.8100,2.730606
189.0100,2.959288
189.2100,3.148434
189.4100,3.234324
189.6100,3.164672
189.8100,2.962783
190.0100,2.714501
190.2100,2.496713
190.4100,2.276850
190.6100,2.154889
190.8100,2.093806
191.0100,2.070699
191.2100,2.129046
191.4100,2.099679
191.6100,2.140124
191.8100,2.071217
192.0100,1.994335
192.2100,1.793628
192.4100,1.457429
192.6100,1.168614
192.8100,0.869373
193.0100,0.534729
193.2100,0.204015
193.4100,-0.125483
193.6100,-0.405387
193.8100,-0.662114
194.0100,-0.899658
194.2100,-1.053415
194.4100,-1.237709
194.6100,-1.233616
194.8100,-1.251441
195.0100,-1.129018
195.2100,-1.009933
195.4100,-0.830893
195.6100,-0.575723
195.8100,-0.344377
196.0100,-0.069678
196.2100,0.201676
196.4100,0.518479
196.6100,0.807455
196.8100,1.077648
197.0100,1.282130
197.2100,1.488367
197.4100,1.595190
197.6100,1.662052
197.8100,1.691846
198.0100,1.679064
198.2100,1.608020
198.4100,1.565111
198.6100,1.536914
198.8100,1.540169
199.0100,1.556862
199.2100,1.675789
199.4100,1.774443
199.6100,1.962485
199.8100,2.139664
200.0100,2.373966
200.2100,2.555162
200.4100,2.644109
200.6100,2.686098
200.8100,2.524671
201.0100,2.323556
201.2100,2.017174
201.4100,1.673442
201.6100,1.374216
201.8100,1.106641
202.0100,0.840322
202.2100,0.604500
202.4100,0.380930
202.6100,0.146970
202.8100,-0.017254
203.0100,-0.250138
203.2100,-0.393768
203.4100,-0.617373
203.6100,-0.828822
203.8100,-1.042547
204.0100,-1.267454
204.2100,-1.541513
204.4100,-1.780287
204.6100,-1.970125
204.8100,-2.136178
205.0100,-2.177191
205.2100,-2.087905
205.4100,-2.003153
205.6100,-1.750611
205.8100,-1.518022
206.0100,-1.182076
206.2100,-0.879361
206.4100,-0.555540
206.6100,-0.223072
206.8100,0.123454
207.0100,0.421072
207.2100,0.756384
207.4100,1.077797
207.6100,1.451222
207.8100,1.760107
208.0100,2.065433
208.2100,2.261911
208.4100,2.420379
208.6100,2.375656
208.8100,2.366363
209.0100,2.311538
209.2100,2.213696
209.4100,2.170211
209.6100,2.206632
209.8100,2.280207
210.0100,2.470729
210.2100,2.719716
210.4100,2.895177
210.6100,2.991120
210.8100,3.021875
211.0100,2.920504
211.2100,2.724160
211.4100,2.401778
211.6100,2.110266
211.8100,1.876212
212.0100,1.656916
212.2100,1.464273
212.4100,1.329437
212.6100,1.242516
212.8100,1.215461
213.0100,1.167362
213.2100,1.227531
213.4100,1.210382
213.6100,1.243408
213.8100,1.273195
214.0100,1.244233
214.2100,1.158986
214.4100,1.133024
214.6100,1.045313
214.8100,0.890364
215.0100,0.752186
215.2100,0.625792
215.4100,0.451821
215.6100,0.375345
215.8100,0.173092
216.0100,0.091741
216.2100,0.022455
216.4100,-0.039148
216.6100,-0.069162
216.8100,-0.080399
217.0100,-0.080059
217.2100,-0.021955
217.4100,-0.038063
217.6100,0.068001
217.8100,0.126906
218.0100,0.221960
218.2100,0.302122
218.4100,0.353677
218.6100,0.424992
218.8100,0.508066
219.0100,0.539995
219.2100,0.545193
219.4100,0.609650
219.6100,0.609953
219.8100,0.515063
220.0100,0.516801
220.2100,0.514368
220.4100,0.421002
220.6100,0.338393
220.8100,0.245679
221.0100,0.141331
221.2100,0.035517
221.4100,-0.099556
221.6100,-0.219237
221.8100,-0.405526
222.0100,-0.587645
222.2100,-0.799864
222.4100,-0.984967
222.6100,-1.212449
222.8100,-1.398640
223.0100,-1.548100
223.2100,-1.691609
223.4100,-1.761488
223.6100,-1.774512
223.8100,-1.733347
224.0100,-1.647252
224.2100,-1.537095
224.4100,-1.396362
224.6100,-1.322471
224.8100,-1.182069
225.0100,-1.140324
225.2100,-1.114986
225.4100,-1.096426
225.6100,-1.113947
225.8100,-1.137017
226.0100,-1.218259
226.2100,-1.265458
226.4100,-1.402968
226.6100,-1.537612
226.8100,-1.604243
227.0100,-1.702231
227.2100,-1.691345
227.4100,-1.636460
227.6100,-1.539961
227.8100,-1.402593
228.0100,-1.150860
228.2100,-0.811644
228.4100,-0.520791
228.6100,-0.191472
228.8100,0.166822
229.0100,0.521069
229.2100,0.800913
229.4100,1.044094
229.6100,1.264946
229.8100,1.426277
230.0100,1.491920
230.2100,1.509321
230.4100,1.503486
230.6100,1.415922
230.8100,1.342395
231.0100,1.245121
231.2100,1.191114
231.4100,1.037422
231.6100,0.974574
231.8100,0.910600
232.0100,0.873921
232.2100,0.851258
232.4100,0.798714
232.6100,0.782123
232.8100,0.766648
233.0100,0.791553
233.2100,0.839977
233.4100,0.856569
233.6100,0.866960
233.8100,0.913891
234.0100,0.955250
234.2100,0.993002
234.4100,0.989811
234.6100,1.000916
234.8100,0.955315
235.0100,0.932859
235.2100,0.930055
235.4100,0.775323
235.6100,0.716206
235.8100,0.619417
236.0100,0.494048
236.2100,0.372681
236.4100,0.281734
236.6100,0.189126
236.8100,0.110179
237.0100,0.016328
237.2100,0.014014
237.4100,-0.015020
237.6100,-0.002380
237.8100,0.039470
238.0100,0.091506
238.2100,0.154461
238.4100,0.194654
238.6100,0.296767
238.8100,0.376911
239.0100,0.448456
239.2100,0.519105
239.4100,0.544310
239.6100,0.587582
239.8100,0.638118
240.0100,0.611472
240.2100,0.646843
240.4100,0.623881
240.6100,0.607967
240.8100,0.551725
241.0100,0.531083
241.2100,0.502685
241.4100,0.467077
241.6100,0.407045
241.8100,0.314501
242.0100,0.230729
242.2100,0.124295
242.4100,0.041240
242.6100,-0.095533
242.8100,-0.220714
243.0100,-0.360472
243.2100,-0.580437
243.4100,-0.815821
243.6100,-1.028600
243.8100,-1.278818
244.0100,-1.512761
244.2100,-1.684655
244.4100,-1.887897
244.6100,-2.042349
244.8100,-2.042747
245.0100,-1.999233
245.2100,-1.940537
245.4100,-1.820916
245.6100,-1.679119
245.8100,-1.543644
246.0100,-1.439742
246.2100,-1.366435
246.4100,-1.341142
246.6100,-1.355142
246.8100,-1.401154
247.0100,-1.496057
247.2100,-1.643876
247.4100,-1.730061
247.6100,-1.826274
247.8100,-1.912268
248.0100,-1.900554
248.2100,-1.862520
248.4100,-1.725156
248.6100,-1.449962
248.8100,-1.174431
249.0100,-0.849138
249.2100,-0.476083
249.4100,-0.104255
249.6100,0.249347
249.8100,0.550285
250.0100,0.920110
250.2100,1.222590
250.4100,1.458323
250.6100,1.661704
250.8100,1.786158
251.0100,1.783650
251.2100,1.740328
251.4100,1.731783
251.6100,1.591666
251.8100,1.486023
252.0100,1.440677
252.2100,1.394795
252.4100,1.353108
252.6100,1.396561
252.8100,1.417161
253.0100,1.483968
253.2100,1.604242
253.4100,1.725759
253.6100,1.801699
253.8100,1.896876
254.0100,1.912443
254.2100,1.923283
254.4100,1.725384
254.6100,1.564258
254.8100,1.272737
255.0100,0.968424
255.2100,0.661627
255.4100,0.335600
255.6100,0.018904
255.8100,-0.310111
256.0100,-0.617191
256.2100,-0.873791
256.4100,-1.069376
256.6100,-1.231340
256.8100,-1.314772
257.0100,-1.363857
257.2100,-1.310224
257.4100,-1.196274
257.6100,-1.065378
257.8100,-0.899922
258.0100,-0.666167
258.2100,-0.422874
258.4100,-0.098827
258.6100,0.127713
258.8100,0.452769
259.0100,0.727577
259.2100,1.034705
259.4100,1.290734
259.6100,1.509241
259.8100,1.701113
260.0100,1.839825
260.2100,1.908414
260.4100,1.901583
260.6100,1.877054
260.8100,1.857736
261.0100,1.746649
261.2100,1.768800
261.4100,1.772663
261.6100,1.876183
261.8100,2.030120
262.0100,2.208827
262.2100,2.461585
262.4100,2.656662
262.6100,2.907817
262.8100,2.971400
263.0100,2.960420
263.2100,2.791102
263.4100,2.494512
263.6100,2.264281
263.8100,2.036013
264.0100,1.859112
264.2100,1.683828
264.4100,1.585719
264.6100,1.500803
264.8100,1.542011
265.0100,1.557950
265.2100,1.540641
265.4100,1.547791
265.6100,1.510038
265.8100,1.514512
266.0100,1.461153
266.2100,1.285972
266.4100,1.120481
266.6100,0.899184
266.8100,0.644028
267.0100,0.460596
267.2100,0.185946
267.4100,-0.001096
267.6100,-0.174988
267.8100,-0.316231
268.0100,-0.443038
268.2100,-0.521104
268.4100,-0.578779
268.6100,-0.580575
268.8100,-0.502769
269.0100,-0.428688
269.2100,-0.317962
269.4100,-0.168185
269.6100,0.014667
269.8100,0.164842
270.0100,0.353430
270.2100,0.518569
270.4100,0.709663
270.6100,0.845703
270.8100,0.980436
271.0100,0.981980
271.2100,1.038674
271.4100,1.083021
271.6100,1.050759
271.8100,1.023065
272.0100,1.029087
272.2100,0.950550
272.4100,0.898263
272.6100,0.864450
272.8100,0.874753
273.0100,0.861212
273.2100,0.825766
273.4100,0.843255
273.6100,0.895786
273.8100,0.931722
274.0100,0.955462
274.2100,1.041306
274.4100,1.111966
274.6100,1.144659
274.8100,1.256351
275.0100,1.347934
275.2100,1.389410
275.4100,1.391165
275.6100,1.421020
275.8100,1.385541
276.0100,1.293685
276.2100,1.061091
276.4100,0.959357
276.6100,0.659365
276.8100,0.460964
277.0100,0.224604
277.2100,-0.012958
277.4100,-0.242904
277.6100,-0.454361
277.8100,-0.568200
278.0100,-0.702040
278.2100,-0.797932
278.4100,-0.701423
278.6100,-0.704725
278.8100,-0.597593
279.0100,-0.526426
279.2100,-0.319573
279.4100,-0.131370
279.6100,0.072347
279.8100,0.256094
280.0100,0.450099
280.2100,0.681435
280.4100,0.835567
280.6100,1.014010
280.8100,1.183814
281.0100,1.256498
281.2100,1.326740
281.4100,1.345285
281.6100,1.375568
281.8100,1.335718
282.0100,1.276469
282.2100,1.274398
282.4100,1.222055
282.6100,1.239795
282.8100,1.300850
283.0100,1.325800
283.2100,1.447560
283.4100,1.564907
283.6100,1.764204
283.8100,1.987682
284.0100,2.136287
284.2100,2.323966
284.4100,2.404091
284.6100,2.403071
284.8100,2.292903
285.0100,2.136946
285.2100,1.873869
285.4100,1.517413
285.6100,1.163465
285.8100,0.866540
286.0100,0.531612
286.2100,0.251140
286.4100,-0.054323
286.6100,-0.346269
286.8100,-0.631476
287.0100,-0.948139
287.2100,-1.235874
287.4100,-1.542197
287.6100,-1.768415
287.8100,-1.987543
288.0100,-2.084406
288.2100,-2.128432
288.4100,-2.039103
288.6100,-1.883289
288.8100,-1.716961
289.0100,-1.472602
289.2100,-1.234462
289.4100,-0.963238
289.6100,-0.714113
289.8100,-0.507948
290.0100,-0.311665
290.2100,-0.052902
290.4100,0.118549
290.6100,0.423716
290.8100,0.645361
291.0100,0.891011
291.2100,1.311285
291.4100,1.620381
291.6100,1.902326
291.8100,2.236777
292.0100,2.479978
292.2100,2.643778
292.4100,2.662412
292.6100,2.638407
292.8100,2.573527
293.0100,2.483569
293.2100,2.463263
293.4100,2.472970
293.6100,2.629991
293.8100,2.747310
294.0100,2.974353
294.2100,3.107053
294.4100,3.197605
294.6100,3.186188
294.8100,2.947073
295.0100,2.703947
295.2100,2.403940
295.4100,2.127835
295.6100,1.941354
295.8100,1.800183
296.0100,1.720642
296.2100,1.712073
296.4100,1.708434
296.6100,1.695872
296.8100,1.694757
297.0100,1.697578
297.2100,1.626484
297.4100,1.533903
297.6100,1.399678
297.8100,1.153518
298.0100,0.896035
298.2100,0.638260
298.4100,0.368288
298.6100,0.121181
298.8100,-0.107408
299.0100,-0.294897
299.2100,-0.461566
299.4100,-0.564924
299.6100,-0.670321
299.8100,-0.701555
300.0100,-0.708694
300.2100,-0.591377
300.4100,-0.510873
300.6100,-0.345385
300.8100,-0.196277
301.0100,0.006683
301.2100,0.172201
301.4100,0.393159
301.6100,0.626421
301.8100,0.724230
302.0100,0.922370
302.2100,1.050685
302.4100,1.107244
302.6100,1.160382
302.8100,1.184953
303.0100,1.135008
303.2100,1.128368
303.4100,1.064985
303.6100,1.029934
303.8100,0.996544
304.0100,0.980597
304.2100,0.973143
304.4100,0.980665
304.6100,0.960125
304.8100,1.064699
305.0100,1.101466
305.2100,1.164667
305.4100,1.231651
305.6100,1.340025
305.8100,1.463091
306.0100,1.566767
306.2100,1.611799
306.4100,1.712267
306.6100,1.753464
306.8100,1.586378
307.0100,1.505148
307.2100,1.290289
307.4100,1.029704
307.6100,0.777578
307.8100,0.427340
308.0100,0.155049
308.2100,-0.108832
308.4100,-0.414294
308.6100,-0.661896
308.8100,-0.855931
309.0100,-1.024446
309.2100,-1.084253
309.4100,-1.173164
309.6100,-1.112397
309.8100,-1.072654
310.0100,-0.898790
310.2100,-0.738598
310.4100,-0.581312
310.6100,-0.296542
310.8100,-0.069044
311.0100,0.204757
311.2100,0.512658
311.4100,0.724747
311.6100,0.982354
311.8100,1.267839
312.0100,1.438889
312.2100,1.617656
312.4100,1.685974
312.6100,1.699068
312.8100,1.708103
313.0100,1.698341
313.2100,1.647221
313.4100,1.592777
313.6100,1.584496
313.8100,1.610028
314.0100,1.676031
314.2100,1.854575
314.4100,1.993233
314.6100,2.189824
314.8100,2.442277
315.0100,2.685914
315.2100,2.832466
315.4100,2.849757
315.6100,2.741672
315.8100,2.550788
316.0100,2.249829
316.2100,1.978062
316.4100,1.762378
316.6100,1.515462
316.8100,1.355588
317.0100,1.237266
317.2100,1.127241
317.4100,1.047864
317.6100,1.051197
317.8100,1.003018
318.0100,0.980690
318.2100,1.013638
318.4100,1.024592
318.6100,1.017715
318.8100,1.051464
319.0100,1.051307
319.2100,1.004194
319.4100,1.012416
319.6100,0.961799
319.8100,0.891405
320.0100,0.783703
320.2100,0.716179
320.4100,0.623259
320.6100,0.527081
320.8100,0.408098
321.0100,0.360455
321.2100,0.251558
321.4100,0.215788
321.6100,0.206893
321.8100,0.141572
322.0100,0.135955
322.2100,0.172577
322.4100,0.158239
322.6100,0.184424
322.8100,0.225521
323.0100,0.276143
323.2100,0.243445
323.4100,0.303242
323.6100,0.326444
323.8100,0.344954
324.0100,0.361360
324.2100,0.363693
324.4100,0.378405
324.6100,0.334024
324.8100,0.322670
325.0100,0.283680
325.2100,0.202544
325.4100,0.148001
325.6100,0.091638
325.8100,-0.038338
326.0100,-0.177850
326.2100,-0.303359
326.4100,-0.474993
326.6100,-0.620539
326.8100,-0.790249
327.0100,-1.012086
327.2100,-1.183401
327.4100,-1.323825
327.6100,-1.493325
327.8100,-1.572207
328.0100,-1.637570
328.2100,-1.621127
328.4100,-1.556959
328.6100,-1.412623
328.8100,-1.356282
329.0100,-1.247301
329.2100,-1.143767
329.4100,-1.045846
329.6100,-0.957503
329.8100,-0.914404
330.0100,-0.844395
330.2100,-0.867395
330.4100,-0.847005
330.6100,-0.891431
330.8100,-0.921605
331.0100,-1.013346
331.2100,-1.049965
331.4100,-1.120373
331.6100,-1.199059
331.8100,-1.308706
332.0100,-1.306396
332.2100,-1.364911
332.4100,-1.362284
332.6100,-1.308163
332.8100,-1.204744
333.0100,-1.037115
333.2100,-0.869697
333.4100,-0.626648
333.6100,-0.343500
333.8100,-0.078585
334.0100,0.174689
334.2100,0.417906
334.4100,0.631829
334.6100,0.828281
334.8100,0.987983
335.0100,1.027853
335.2100,1.112986
335.4100,1.085914
335.6100,1.006070
335.8100,0.944418
336.0100,0.788826
336.2100,0.654748
336.4100,0.521088
336.6100,0.384733
336.8100,0.221571
337.0100,0.041241
337.2100,-0.136190
337.4100,-0.385022
337.6100,-0.552076
337.8100,-0.823845
338.0100,-1.052104
338.2100,-1.291534
338.4100,-1.537473
338.6100,-1.740566
338.8100,-1.879318
339.0100,-1.936865
339.2100,-1.928550
339.4100,-1.867581
339.6100,-1.791211
339.8100,-1.657137
340.0100,-1.528479
340.2100,-1.384622
340.4100,-1.342314
340.6100,-1.214751
340.8100,-1.218254
341.0100,-1.224341
341.2100,-1.231228
341.4100,-1.272594
341.6100,-1.362310
341.8100,-1.436947
342.0100,-1.545295
342.2100,-1.599111
342.4100,-1.641559
342.6100,-1.659808
342.8100,-1.555327
343.0100,-1.436256
343.2100,-1.226946
343.4100,-0.981907
343.6100,-0.665850
343.8100,-0.319209
344.0100,-0.028478
344.2100,0.336725
344.4100,0.637721
344.6100,0.911354
344.8100,1.092057
345.0100,1.308108
345.2100,1.433852
345.4100,1.452384
345.6100,1.458488
345.8100,1.352948
346.0100,1.326778
346.2100,1.196614
346.4100,1.118327
346.6100,0.957721
346.8100,0.908560
347.0100,0.798885
347.2100,0.737199
347.4100,0.627783
347.6100,0.565255
347.8100,0.558228
348.0100,0.435901
348.2100,0.378972
348.4100,0.328679
348.6100,0.254648
348.8100,0.238757
349.0100,0.188201
349.2100,0.077231
349.4100,-0.006950
349.6100,-0.014096
349.8100,-0.081268
350.0100,-0.153716
350.2100,-0.214551
350.4100,-0.323314
350.6100,-0.378960
350.8100,-0.474481
351.0100,-0.548845
351.2100,-0.577958
351.4100,-0.692073
351.6100,-0.719344
351.8100,-0.854793
352.0100,-0.965376
352.2100,-1.036018
352.4100,-1.114430
352.6100,-1.231702
352.8100,-1.340104
353.0100,-1.354832
353.2100,-1.341140
353.4100,-1.334564
353.6100,-1.240497
353.8100,-1.049835
354.0100,-0.863605
354.2100,-0.646943
354.4100,-0.366645
354.6100,-0.097596
354.8100,0.197237
355.0100,0.452016
355.2100,0.704014
355.4100,0.888488
355.6100,0.989846
355.8100,1.124085
356.0100,1.176322
356.2100,1.161359
356.4100,1.125403
356.6100,1.014398
356.8100,0.903767
357.0100,0.822904
357.2100,0.654089
357.4100,0.495338
357.6100,0.414700
357.8100,0.227581
358.0100,0.073685
358.2100,-0.122847
358.4100,-0.311324
358.6100,-0.515256
358.8100,-0.725075
359.0100,-0.953255
359.2100,-1.261026
359.4100,-1.455707
359.6100,-1.733123
359.8100,-1.929914
360.0100,-2.030837
360.2100,-2.102042
360.4100,-2.106570
360.6100,-1.948593
360.8100,-1.871514
361.0100,-1.705264
361.2100,-1.571484
361.4100,-1.437231
361.6100,-1.397386
361.8100,-1.327492
362.0100,-1.358065
362.2100,-1.350569
362.4100,-1.447201
362.6100,-1.520129
362.8100,-1.566587
363.0100,-1.684259
363.2100,-1.749306
363.4100,-1.720995
363.6100,-1.707825
363.8100,-1.605949
364.0100,-1.376298
364.2100,-1.153536
364.4100,-0.800861
364.6100,-0.464618
364.8100,-0.153068
365.0100,0.191666
365.2100,0.539995
365.4100,0.842947
365.6100,1.089852
365.8100,1.334485
366.0100,1.432579
366.2100,1.546249
366.4100,1.563113
366.6100,1.527793
366.8100,1.463206
367.0100,1.335091
367.2100,1.267087
367.4100,1.151544
367.6100,1.052757
367.8100,0.963427
368.0100,0.907768
368.2100,0.894931
368.4100,0.839899
368.6100,0.845738
368.8100,0.863789
369.0100,0.872941
369.2100,0.903386
369.4100,0.894722
369.6100,0.913494
369.8100,0.993051
370.0100,1.015493
370.2100,1.062481
370.4100,1.059597
370.6100,1.085458
370.8100,1.058811
371.0100,1.011482
371.2100,0.936764
371.4100,0.840519
371.6100,0.724010
371.8100,0.597930
372.0100,0.481811
372.2100,0.322436
372.4100,0.246581
372.6100,0.103759
372.8100,0.038713
373.0100,-0.046838
373.2100,-0.089189
373.4100,-0.057257
373.6100,-0.092184
373.8100,-0.076113
374.0100,-0.008726
374.2100,0.072333
374.4100,0.207200
374.6100,0.261237
374.8100,0.370672
375.0100,0.423811
375.2100,0.534683
375.4100,0.613116
375.6100,0.693130
375.8100,0.684662
376.0100,0.735535
376.2100,0.738946
376.4100,0.708065
376.6100,0.711784
376.8100,0.681011
377.0100,0.606264
377.2100,0.624696
377.4100,0.578320
377.6100,0.508589
377.8100,0.435231
378.0100,0.430084
378.2100,0.337435
378.4100,0.275342
378.6100,0.195658
378.8100,0.057015
379.0100,-0.031485
379.2100,-0.185049
379.4100,-0.334104
379.6100,-0.509637
379.8100,-0.707247
380.0100,-0.908783
380.2100,-1.174156
380.4100,-1.439635
380.6100,-1.701762
380.8100,-1.926304
381.0100,-2.137024
381.2100,-2.238612
381.4100,-2.249060
381.6100,-2.194928
381.8100,-2.061502
382.0100,-1.918348
382.2100,-1.714206
382.4100,-1.598105
382.6100,-1.521165
382.8100,-1.477402
383.0100,-1.420171
383.2100,-1.483424
383.4100,-1.550042
383.6100,-1.623368
383.8100,-1.712607
384.0100,-1.768565
384.2100,-1.840621
384.4100,-1.784824
384.6100,-1.757212
384.8100,-1.559962
385.0100,-1.356052
385.2100,-1.005629
385.4100,-0.716327
385.6100,-0.358242
385.8100,0.019940
386.0100,0.378703
386.2100,0.665403
386.4100,0.983544
386.6100,1.220432
386.8100,1.450041
387.0100,1.575624
387.2100,1.629747
387.4100,1.617459
387.6100,1.567576
387.8100,1.472595
388.0100,1.396102
388.2100,1.314159
388.4100,1.154122
388.6100,1.115318
388.8100,1.053563
389.0100,1.036224
389.2100,0.991929
389.4100,1.011544
389.6100,1.014821
389.8100,1.085880
390.0100,1.122570
390.2100,1.173552
390.4100,1.241509
390.6100,1.279385
390.8100,1.286399
391.0100,1.334951
391.2100,1.298213
391.4100,1.217029
391.6100,1.125029
391.8100,0.977128
392.0100,0.749213
392.2100,0.555183
392.4100,0.394424
392.6100,0.188543
392.8100,-0.044278
393.0100,-0.221038
393.2100,-0.349209
393.4100,-0.450728
393.6100,-0.537719
393.8100,-0.529423
394.0100,-0.537669
394.2100,-0.478297
394.4100,-0.341541
394.6100,-0.248020
394.8100,-0.085818
395.0100,0.095464
395.2100,0.275904
395.4100,0.430920
395.6100,0.609179
395.8100,0.746914
396.0100,0.930312
396.2100,1.011953
396.4100,1.049091
396.6100,1.112252
396.8100,1.140049
397.0100,1.127629
397.2100,1.132758
397.4100,1.095367
397.6100,1.029357
397.8100,1.016619
398.0100,0.981916
398.2100,1.015925
398.4100,1.034718
398.6100,1.125992
398.8100,1.135882
399.0100,1.176707
399.2100,1.312101
399.4100,1.454839
399.6100,1.568248
399.8100,1.718230
400.0100,1.853391
400.2100,1.951818
400.4100,1.961038
400.6100,1.883746
400.8100,1.768096
401.0100,1.516406
401.2100,1.235285
401.4100,0.900705
401.6100,0.578839
401.8100,0.270427
402.0100,-0.106323
402.2100,-0.394643
402.4100,-0.678903
402.6100,-0.972775
402.8100,-1.193005
403.0100,-1.399555
403.2100,-1.464784
403.4100,-1.508388
403.6100,-1.490187
403.8100,-1.427015
404.0100,-1.255788
404.2100,-1.018984
404.4100,-0.781340
404.6100,-0.569191
404.8100,-0.297412
405.0100,-0.071044
405.2100,0.211032
405.4100,0.498842
405.6100,0.799749
405.8100,1.056399
406.0100,1.393595
406.2100,1.664911
406.4100,1.834433
406.6100,1.984970
406.8100,2.099341
407.0100,2.090207
407.2100,2.017328
407.4100,2.021490
407.6100,1.958734
407.8100,1.931402
408.0100,2.021803
408.2100,2.085394
408.4100,2.236504
408.6100,2.477500
408.8100,2.704798
409.0100,2.936881
409.2100,3.101793
409.4100,3.093962
409.6100,2.971263
409.8100,2.793772
410.0100,2.524012
410.2100,2.288469
410.4100,2.099762
410.6100,1.978809
410.8100,1.939315
411.0100,1.900921
411.2100,1.961192
411.4100,1.936307
411.6100,1.962499
411.8100,1.907656
412.0100,1.832340
412.2100,1.683589
412.4100,1.472967
412.6100,1.154336
412.8100,0.863312
413.0100,0.541558
413.2100,0.223412
413.4100,-0.081794
413.6100,-0.330473
413.8100,-0.609660
414.0100,-0.778269
414.2100,-0.938912
414.4100,-1.056729
414.6100,-1.107349
414.8100,-1.095170
415.0100,-0.949490
415.2100,-0.877989
415.4100,-0.638901
415.6100,-0.441273
415.8100,-0.218302
416.0100,0.024302
416.2100,0.333967
416.4100,0.611673
416.6100,0.810488
416.8100,1.051486
417.0100,1.271221
417.2100,1.404005
417.4100,1.532721
417.6100,1.526336
417.8100,1.550668
418.0100,1.487663
418.2100,1.513519
418.4100,1.417976
418.6100,1.364159
418.8100,1.406484
419.0100,1.439825
419.2100,1.552494
419.4100,1.619974
419.6100,1.778551
419.8100,1.974987
420.0100,2.194416
420.2100,2.347324
420.4100,2.502227
420.6100,2.533058
420.8100,2.443651
421.0100,2.267795
421.2100,2.001137
421.4100,1.670895
421.6100,1.387657
421.8100,1.015629
422.0100,0.760712
422.2100,0.465887
422.4100,0.166732
422.6100,-0.117728
422.8100,-0.376151
423.0100,-0.634007
423.2100,-0.905517
423.4100,-1.195413
423.6100,-1.459039
423.8100,-1.749675
424.0100,-1.952698
424.2100,-2.139184
424.4100,-2.151690
424.6100,-2.122187
424.8100,-2.000761
425.0100,-1.769420
425.2100,-1.540065
425.4100,-1.356130
425.6100,-1.045164
425.8100,-0.827525
426.0100,-0.536867
426.2100,-0.271958
426.4100,-0.093999
426.6100,0.163174
426.8100,0.415457
427.0100,0.704941
427.2100,1.010367
427.4100,1.344362
427.6100,1.634450
427.8100,2.017535
428.0100,2.266849
428.2100,2.520963
428.4100,2.669510
428.6100,2.686101
428.8100,2.597308
429.0100,2.510442
429.2100,2.437080
429.4100,2.419288
429.6100,2.491498
429.8100,2.569119
430.0100,2.790853
430.2100,2.998893
430.4100,3.158622
430.6100,3.208831
430.8100,3.140139
431.0100,2.906341
431.2100,2.632519
431.4100,2.338197
431.6100,2.109821
431.8100,1.839615
432.0100,1.767195
432.2100,1.655958
432.4100,1.619954
432.6100,1.601618
432.8100,1.593752
433.0100,1.630065
433.2100,1.609123
433.4100,1.580920
433.6100,1.443464
433.8100,1.354941
434.0100,1.143168
434.2100,0.913338
434.4100,0.667534
434.6100,0.425569
434.8100,0.186044
435.0100,-0.017799
435.2100,-0.197514
435.4100,-0.360655
435.6100,-0.508238
435.8100,-0.567379
436.0100,-0.618187
436.2100,-0.590723
436.4100,-0.506711
436.6100,-0.441356
436.8100,-0.335445
437.0100,-0.209511
437.2100,-0.033869
437.4100,0.142775
437.6100,0.374515
437.8100,0.520902
438.0100,0.697379
438.2100,0.819986
438.4100,0.941098
438.6100,1.041790
438.8100,1.042591
439.0100,1.062907
439.2100,1.043600
439.4100,1.050296
439.6100,0.975570
439.8100,0.932670
440.0100,0.887812
440.2100,0.852246
440.4100,0.861719
440.6100,0.884349
440.8100,0.803889
441.0100,0.843844
441.2100,0.841966
441.4100,0.838338
441.6100,0.889536
441.8100,0.936309
442.0100,0.983403
442.2100,1.100376
442.4100,1.093706
442.6100,1.209019
442.8100,1.270140
443.0100,1.297118
443.2100,1.329574
443.4100,1.325381
443.6100,1.249196
443.8100,1.148061
444.0100,1.006092
444.2100,0.771333
444.4100,0.638823
444.6100,0.441928
444.8100,0.204204
445.0100,0.004230
445.2100,-0.224520
445.4100,-0.351346
445.6100,-0.483345
445.8100,-0.557627
446.0100,-0.562786
446.2100,-0.590573
446.4100,-0.527149
446.6100,-0.473530
446.8100,-0.315546
447.0100,-0.159844
447.2100,-0.004426
447.4100,0.179357
447.6100,0.420057
447.8100,0.543101
448.0100,0.718362
448.2100,0.874198
448.4100,1.037143
448.6100,1.145355
448.8100,1.166399
449.0100,1.170450
449.2100,1.175623
449.4100,1.187077
449.6100,1.120275
449.8100,1.139151
450.0100,1.116418
450.2100,1.079642
450.4100,1.097912
450.6100,1.127183
450.8100,1.193860
451.0100,1.218291
451.2100,1.366252
451.4100,1.465025
451.6100,1.609152
451.8100,1.790657
452.0100,1.943006
452.2100,2.055256
452.4100,2.110220
452.6100,2.104714
452.8100,2.036898
453.0100,1.841393
453.2100,1.540346
453.4100,1.232668
453.6100,0.859200
453.8100,0.522620
454.0100,0.187233
454.2100,-0.175492
454.4100,-0.499443
454.6100,-0.789980
454.8100,-1.089863
455.0100,-1.363847
455.2100,-1.545684
455.4100,-1.703583
455.6100,-1.743512
455.8100,-1.745737
456.0100,-1.656619
456.2100,-1.492299
456.4100,-1.301017
456.6100,-1.089375
456.8100,-0.850270
457.0100,-0.587551
457.2100,-0.345486
457.4100,-0.082686
457.6100,0.117107
457.8100,0.414924
458.0100,0.701500
458.2100,1.014889
458.4100,1.313402
458.6100,1.619658
458.8100,1.928376
459.0100,2.147627
459.2100,2.275740
459.4100,2.392783
459.6100,2.375419
459.8100,2.285069
460.0100,2.244286
460.2100,2.171033
460.4100,2.220598
460.6100,2.276978
460.8100,2.422412
461.0100,2.648602
461.2100,2.883666
461.4100,3.113197
461.6100,3.225122
461.8100,3.194356
462.0100,3.022442
462.2100,2.721200
462.4100,2.543217
462.6100,2.287709
462.8100,2.177859
463.0100,2.112158
463.2100,2.072398
463.4100,2.078516
463.6100,2.117342
463.8100,2.136314
464.0100,2.097939
464.2100,1.996027
464.4100,1.809106
464.6100,1.600714
464.8100,1.275269
465.0100,0.964645
465.2100,0.601339
465.4100,0.273325
465.6100,-0.051662
465.8100,-0.337986
466.0100,-0.602021
466.2100,-0.849782
466.4100,-1.059587
466.6100,-1.198671
466.8100,-1.223302
467.0100,-1.266113
467.2100,-1.201484
467.4100,-1.038561
467.6100,-0.865254
467.8100,-0.654339
468.0100,-0.421113
468.2100,-0.094166
468.4100,0.150841
468.6100,0.442363
468.8100,0.712306
469.0100,0.957070
469.2100,1.200754
469.4100,1.436399
469.6100,1.584061
469.8100,1.660506
470.0100,1.674729
470.2100,1.657392
470.4100,1.640460
470.6100,1.571190
470.8100,1.581825
471.0100,1.575725
471.2100,1.634136
471.4100,1.663772
471.6100,1.750219
471.8100,1.906333
472.0100,2.053106
472.2100,2.323587
472.4100,2.525220
472.6100,2.675789
472.8100,2.690182
473.0100,2.587920
473.2100,2.370686
473.4100,2.099926
473.6100,1.807681
473.8100,1.452715
474.0100,1.180290
474.2100,0.903496
474.4100,0.730738
474.6100,0.512996
474.8100,0.306993
475.0100,0.083840
475.2100,-0.067137
475.4100,-0.252251
475.6100,-0.425844
475.8100,-0.617864
476.0100,-0.800437
476.2100,-1.027433
476.4100,-1.222909
476.6100,-1.462447
476.8100,-1.696091
477.0100,-1.891849
477.2100,-2.047972
477.4100,-2.095266
477.6100,-2.092617
477.8100,-1.957261
478.0100,-1.761083
478.2100,-1.511269
478.4100,-1.154918
478.6100,-0.866987
478.8100,-0.497528
479.0100,-0.164336
479.2100,0.135903
479.4100,0.495887
479.6100,0.853682
479.8100,1.195059
480.0100,1.521592
480.2100,1.859920
480.4100,2.081326
480.6100,2.252881
480.8100,2.304369
481.0100,2.306427
481.2100,2.221444
481.4100,2.157892
481.6100,2.112615
481.8100,2.091011
482.0100,2.131838
482.2100,2.235830
482.4100,2.433830
482.6100,2.640622
482.8100,2.817105
483.0100,2.924024
483.2100,2.948414
483.4100,2.852754
483.6100,2.557485
483.8100,2.275346
484.0100,1.974406
484.2100,1.639226
484.4100,1.456818
484.6100,1.248072
484.8100,1.138825
485.0100,0.991508
485.2100,0.897543
485.4100,0.851672
485.6100,0.825026
485.8100,0.795787
486.0100,0.808036
486.2100,0.798540
486.4100,0.849074
486.6100,0.905391
486.8100,0.969996
487.0100,0.985498
487.2100,1.012331
487.4100,1.055738
487.6100,1.062930
487.8100,1.068401
488.0100,1.030396
488.2100,0.962043
488.4100,0.910159
488.6100,0.838655
488.8100,0.765734
489.0100,0.687857
489.2100,0.596242
489.4100,0.505007
489.6100,0.477994
489.8100,0.405879
490.0100,0.413225
490.2100,0.387764
490.4100,0.339269
490.6100,0.379258
490.8100,0.381950
491.0100,0.370335
491.2100,0.408441
491.4100,0.420730
491.6100,0.367623
491.8100,0.419398
492.0100,0.412247
492.2100,0.413237
492.4100,0.420812
492.6100,0.380164
492.8100,0.369292
493.0100,0.344697
493.2100,0.318826
493.4100,0.296282
493.6100,0.224244
493.8100,0.176634
494.0100,0.141218
494.2100,0.046801
494.4100,-0.041173
494.6100,-0.201120
494.8100,-0.313597
495.0100,-0.465850
495.2100,-0.635501
495.4100,-0.855414
495.6100,-1.058826
495.8100,-1.334969
496.0100,-1.603120
496.2100,-1.868355
496.4100,-2.088398
496.6100,-2.282840
496.8100,-2.332488
497.0100,-2.328360
497.2100,-2.231798
497.4100,-2.076445
497.6100,-1.889315
497.8100,-1.710864
498.0100,-1.571531
498.2100,-1.479423
498.4100,-1.405844
498.6100,-1.395528
498.8100,-1.380999
499.0100,-1.441035
499.2100,-1.533054
499.4100,-1.519867
499.6100,-1.587004
499.8100,-1.625137
500.0100,-1.571751
500.2100,-1.492969
500.4100,-1.278483
500.6100,-1.097448
500.8100,-0.878901
501.0100,-0.545010
501.2100,-0.255656
501.4100,0.100567
501.6100,0.339721
501.8100,0.589805
502.0100,0.873144
502.2100,1.054402
502.4100,1.186523
502.6100,1.225770
502.8100,1.292577
503.0100,1.282066
503.2100,1.134821
503.4100,1.091453
503.6100,0.933127
503.8100,0.856399
504.0100,0.676639
504.2100,0.517799
504.4100,0.392217
504.6100,0.222663
504.8100,0.033147
505.0100,-0.120346
505.2100,-0.339499
505.4100,-0.577699
505.6100,-0.733449
505.8100,-1.030882
506.0100,-1.298616
506.2100,-1.543290
506.4100,-1.826705
506.6100,-2.025033
506.8100,-2.141818
507.0100,-2.190719
507.2100,-2.142169
507.4100,-2.016898
507.6100,-1.905158
507.8100,-1.732173
508.0100,-1.589232
508.2100,-1.509789
508.4100,-1.405797
508.6100,-1.388927
508.8100,-1.345233
509.0100,-1.386710
509.2100,-1.451850
509.4100,-1.553361
509.6100,-1.604059
509.8100,-1.689749
510.0100,-1.696976
510.2100,-1.698985
510.4100,-1.632645
510.6100,-1.446460
510.8100,-1.232230
511.0100,-0.985998
511.2100,-0.640859
511.4100,-0.338804
511.6100,-0.001793
511.8100,0.336743
512.0100,0.629129
512.2100,0.912248
512.4100,1.148871
512.6100,1.356288
512.8100,1.464833
513.0100,1.473785
513.2100,1.496719
513.4100,1.403538
513.6100,1.320930
513.8100,1.223254
514.0100,1.098382
514.2100,1.029871
514.4100,0.882151
514.6100,0.757059
514.8100,0.718538
515.0100,0.602611
515.2100,0.528182
515.4100,0.401290
515.6100,0.409120
515.8100,0.333592
516.0100,0.259822
516.2100,0.187335
516.4100,0.121790
516.6100,0.002813
516.8100,-0.067338
517.0100,-0.196959
517.2100,-0.292637
517.4100,-0.376609
517.6100,-0.512196
517.8100,-0.680948
518.0100,-0.795497
518.2100,-0.970286
518.4100,-1.162940
518.6100,-1.331890
518.8100,-1.549970
519.0100,-1.768907
519.2100,-1.929085
519.4100,-1.988238
519.6100,-2.091603
519.8100,-1.999479
520.0100,-1.838249
520.2100,-1.602860
520.4100,-1.346942
520.6100,-1.000174
520.8100,-0.643496
521.0100,-0.274252
521.2100,0.056751
521.4100,0.407381
521.6100,0.809393
521.8100,1.161160
522.0100,1.474285
522.2100,1.741472
522.4100,1.985108
522.6100,2.121253
522.8100,2.191615
523.0100,2.132342
523.2100,2.095630
523.4100,2.012884
523.6100,1.933517
523.8100,1.939034
524.0100,1.967975
524.2100,2.050362
524.4100,2.212000
524.6100,2.358709
524.8100,2.573661
525.0100,2.729221
525.2100,2.781080
525.4100,2.729331
525.6100,2.496642
525.8100,2.216802
526.0100,1.936166
526.2100,1.620837
526.4100,1.353026
526.6100,1.050127
526.8100,0.776387
527.0100,0.591236
527.2100,0.359829
527.4100,0.163376
527.6100,0.071073
527.8100,-0.143298
528.0100,-0.303448
528.2100,-0.477328
528.4100,-0.629757
528.6100,-0.846892
528.8100,-1.025820
529.0100,-1.278010
529.2100,-1.497255
529.4100,-1.645920
529.6100,-1.823660
529.8100,-1.970413
530.0100,-2.027081
530.2100,-1.985534
530.4100,-1.863906
530.6100,-1.598061
530.8100,-1.333478
531.0100,-1.016309
531.2100,-0.677991
531.4100,-0.313676
531.6100,0.031090
531.8100,0.393479
532.0100,0.711909
532.2100,1.094787
532.4100,1.458599
532.6100,1.697785
532.8100,1.939427
533.0100,2.115216
533.2100,2.186059
533.4100,2.172919
533.6100,2.070924
533.8100,2.037659
534.0100,1.941252
534.2100,1.922375
534.4100,1.975921
534.6100,2.044242
534.8100,2.207672
535.0100,2.436979
535.2100,2.583144
535.4100,2.740540
535.6100,2.780996
535.8100,2.737628
536.0100,2.557750
536.2100,2.304824
536.4100,1.983638
536.6100,1.675665
536.8100,1.386642
537.0100,1.102433
537.2100,0.856946
537.4100,0.649105
537.6100,0.499542
537.8100,0.324005
538.0100,0.188999
538.2100,0.044429
538.4100,-0.122330
538.6100,-0.238666
538.8100,-0.417538
539.0100,-0.483169
539.2100,-0.650496
539.4100,-0.832275
539.6100,-1.014201
539.8100,-1.155343
540.0100,-1.377420
540.2100,-1.529846
540.4100,-1.656301
540.6100,-1.789608
540.8100,-1.861442
541.0100,-1.814996
541.2100,-1.749651
541.4100,-1.534776
541.6100,-1.292972
541.8100,-0.992970
542.0100,-0.628752
542.2100,-0.303149
542.4100,0.115192
542.6100,0.423701
542.8100,0.821766
543.0100,1.084185
543.2100,1.404300
543.4100,1.599898
543.6100,1.759351
543.8100,1.875405
544.0100,1.900868
544.2100,1.822856
544.4100,1.802200
544.6100,1.686746
544.8100,1.643610
545.0100,1.616107
545.2100,1.626563
545.4100,1.628277
545.6100,1.789012
545.8100,1.897909
546.0100,2.031836
546.2100,2.173429
546.4100,2.280255
546.6100,2.337137
546.8100,2.327463
547.0100,2.156315
547.2100,1.896025
547.4100,1.601169
547.6100,1.303488
547.8100,0.916435
548.0100,0.565212
548.2100,0.265963
548.4100,-0.080713
548.6100,-0.410255
548.8100,-0.737037
549.0100,-1.059410
549.2100,-1.337137
549.4100,-1.576249
549.6100,-1.771776
549.8100,-1.888048
550.0100,-1.924013
550.2100,-1.880037
550.4100,-1.750626
550.6100,-1.587569
550.8100,-1.387476
551.0100,-1.114874
551.2100,-0.877956
551.4100,-0.625810
551.6100,-0.371638
551.8100,-0.140851
552.0100,0.119885
552.2100,0.410844
552.4100,0.702505
552.6100,0.992292
552.8100,1.334880
553.0100,1.643639
553.2100,1.933783
553.4100,2.215147
553.6100,2.436125
553.8100,2.475183
554.0100,2.512780
554.2100,2.457773
554.4100,2.383164
554.6100,2.283695
554.8100,2.342536
555.0100,2.380309
555.2100,2.524432
555.4100,2.735714
555.6100,2.982334
555.8100,3.158685
556.0100,3.233537
556.2100,3.198974
556.4100,2.969466
556.6100,2.705302
556.8100,2.479982
557.0100,2.257930
557.2100,2.109113
557.4100,1.976319
557.6100,1.987699
557.8100,1.984796
558.0100,2.036128
558.2100,1.990491
558.4100,1.994592
558.6100,1.898188
558.8100,1.714572
559.0100,1.508239
559.2100,1.270224
559.4100,0.932495
559.6100,0.609079
559.8100,0.324820
560.0100,0.024468
560.2100,-0.256892
560.4100,-0.544956
560.6100,-0.746791
560.8100,-0.897052
561.0100,-1.049849
561.2100,-1.111104
561.4100,-1.075533
561.6100,-0.994041
561.8100,-0.923903
562.0100,-0.779750
562.2100,-0.545479
562.4100,-0.297300
562.6100,-0.022024
562.8100,0.260121
563.0100,0.512113
563.2100,0.758223
563.4100,1.010988
563.6100,1.191070
563.8100,1.367418
564.0100,1.462527
564.2100,1.584008
564.4100,1.556922
564.6100,1.501340
564.8100,1.458252
565.0100,1.427906
565.2100,1.374348
565.4100,1.385921
565.6100,1.410037
565.8100,1.503261
566.0100,1.577827
566.2100,1.710976
566.4100,1.874569
566.6100,2.072402
566.8100,2.283491
567.0100,2.427358
567.2100,2.519466
567.4100,2.439978
567.6100,2.316518
567.8100,2.052538
568.0100,1.743414
568.2100,1.376692
568.4100,1.064112
568.6100,0.788969
568.8100,0.500545
569.0100,0.187281
569.2100,-0.083604
569.4100,-0.386371
569.6100,-0.666659
569.8100,-0.956931
570.0100,-1.209972
570.2100,-1.501104
570.4100,-1.767616
570.6100,-1.977149
570.8100,-2.093257
571.0100,-2.137542
571.2100,-2.101257
571.4100,-1.905407
571.6100,-1.729110
571.8100,-1.495719
572.0100,-1.216951
572.2100,-0.978314
572.4100,-0.759865
572.6100,-0.513504
572.8100,-0.314649
573.0100,-0.072888
573.2100,0.136354
573.4100,0.461591
573.6100,0.674687
573.8100,1.024145
574.0100,1.314102
574.2100,1.645781
574.4100,1.992625
574.6100,2.299877
574.8100,2.535097
575.0100,2.687162
575.2100,2.682599
575.4100,2.636080
575.6100,2.515055
575.8100,2.464354
576.0100,2.429466
576.2100,2.468436
576.4100,2.605097
576.6100,2.794850
576.8100,3.005755
577.0100,3.168792
577.2100,3.198402
577.4100,3.099164
577.6100,2.912229
577.8100,2.581864
578.0100,2.317404
578.2100,2.112536
578.4100,1.837170
578.6100,1.748297
578.8100,1.702226
579.0100,1.626093
579.2100,1.710581
579.4100,1.618683
579.6100,1.703066
579.8100,1.683416
580.0100,1.607235
580.2100,1.471478
580.4100,1.320508
580.6100,1.091481
580.8100,0.892833
581.0100,0.607361
581.2100,0.376276
581.4100,0.163944
581.6100,-0.096403
581.8100,-0.272845
582.0100,-0.420513
582.2100,-0.570133
582.4100,-0.596753
582.6100,-0.643945
582.8100,-0.665132
583.0100,-0.575060
583.2100,-0.487906
583.4100,-0.349084
583.6100,-0.170754
583.8100,-0.004056
584.0100,0.221351
584.2100,0.380400
584.4100,0.597335
584.6100,0.742239
584.8100,0.899776
585.0100,0.980014
585.2100,1.054533
585.4100,1.081760
585.6100,1.126617
585.8100,1.120641
586.0100,1.115020
586.2100,1.060744
586.4100,1.000254
586.6100,0.954631
586.8100,0.937395
587.0100,0.909923
587.2100,0.932442
587.4100,0.928157
587.6100,0.912981
587.8100,0.951216
588.0100,1.042673
588.2100,1.086886
588.4100,1.154819
588.6100,1.271840
588.8100,1.333297
589.0100,1.423212
589.2100,1.489853
589.4100,1.498195
589.6100,1.546850
589.8100,1.441836
590.0100,1.331847
590.2100,1.151163
590.4100,0.959783
590.6100,0.693874
590.8100,0.430763
591.0100,0.130697
591.2100,-0.093818
591.4100,-0.357701
591.6100,-0.529017
591.8100,-0.696778
592.0100,-0.827724
592.2100,-0.858275
592.4100,-0.905284
592.6100,-0.866120
592.8100,-0.786449
593.0100,-0.659814
593.2100,-0.466505
593.4100,-0.264736
593.6100,-0.092430
593.8100,0.188524
594.0100,0.417935
594.2100,0.664891
594.4100,0.881257
594.6100,1.050724
594.8100,1.222162
595.0100,1.409482
595.2100,1.458735
595.4100,1.460819
595.6100,1.494160
595.8100,1.453446
596.0100,1.387181
596.2100,1.345423
596.4100,1.342284
596.6100,1.388554
596.8100,1.424320
597.0100,1.501227
597.2100,1.634809
597.4100,1.805757
597.6100,1.951596
597.8100,2.205685
598.0100,2.401799
598.2100,2.547338
598.4100,2.619642
598.6100,2.567046
598.8100,2.388753
599.0100,2.106711
599.2100,1.825677
599.4100,1.567391
599.6100,1.211496
599.8100,0.926740
600.0100,0.717257
600.2100,0.495290
600.4100,0.279434
600.6100,0.044270
600.8100,-0.112844
601.0100,-0.348582
601.2100,-0.561152
601.4100,-0.765565
601.6100,-0.982358
601.8100,-1.204524
602.0100,-1.452169
602.2100,-1.706746
602.4100,-1.905238
602.6100,-2.088252
602.8100,-2.157945
603.0100,-2.190043
603.2100,-2.078034
603.4100,-1.830462
603.6100,-1.614238
603.8100,-1.300772
604.0100,-0.991840
604.2100,-0.692004
604.4100,-0.384076
604.6100,-0.038826
604.8100,0.196353
605.0100,0.586649
605.2100,0.947740
605.4100,1.243596
605.6100,1.582373
605.8100,1.916158
606.0100,2.208636
606.2100,2.341176
606.4100,2.463125
606.6100,2.462011
606.8100,2.416852
607.0100,2.325781
607.2100,2.270645
607.4100,2.233387
607.6100,2.294848
607.8100,2.404421
608.0100,2.587710
608.2100,2.807468
608.4100,2.989200
608.6100,3.060845
608.8100,3.075226
609.0100,2.868973
609.2100,2.582177
609.4100,2.337977
609.6100,2.022953
609.8100,1.812913
610.0100,1.620540
610.2100,1.496666
610.4100,1.412654
610.6100,1.353810
610.8100,1.351038
611.0100,1.394103
611.2100,1.319254
611.4100,1.370481
611.6100,1.366437
611.8100,1.298858
612.0100,1.221782
612.2100,1.187060
612.4100,1.000467
612.6100,0.889433
612.8100,0.684500
613.0100,0.496980
613.2100,0.331757
613.4100,0.174882
613.6100,0.045301
613.8100,-0.085394
614.0100,-0.178848
614.2100,-0.235301
614.4100,-0.237330
614.6100,-0.242168
614.8100,-0.243017
615.0100,-0.173765
615.2100,-0.070336
615.4100,0.011695
615.6100,0.128513
615.8100,0.233300
616.0100,0.361503
616.2100,0.481521
616.4100,0.586057
616.6100,0.642308
616.8100,0.739653
617.0100,0.732197
617.2100,0.812662
617.4100,0.765700
617.6100,0.736239
617.8100,0.683440
618.0100,0.592951
618.2100,0.592754
618.4100,0.537830
618.6100,0.503324
618.8100,0.360174
619.0100,0.339455
619.2100,0.199781
619.4100,0.110249
619.6100,-0.078362
619.8100,-0.165385
620.0100,-0.334693
620.2100,-0.495039
620.4100,-0.709623
620.6100,-0.957838
620.8100,-1.156014
621.0100,-1.407367
621.2100,-1.645952
621.4100,-1.842607
621.6100,-1.989834
621.8100,-2.086853
622.0100,-2.108284
622.2100,-2.034703
622.4100,-1.860378
622.6100,-1.735005
622.8100,-1.614736
623.0100,-1.515954
623.2100,-1.430319
623.4100,-1.392056
623.6100,-1.399849
623.8100,-1.444940
624.0100,-1.458656
624.2100,-1.593303
624.4100,-1.718836
624.6100,-1.836424
624.8100,-1.900270
625.0100,-1.893471
625.2100,-1.840793
625.4100,-1.724536
625.6100,-1.503234
625.8100,-1.228829
626.0100,-0.917203
626.2100,-0.514180
626.4100,-0.165702
626.6100,0.243320
626.8100,0.535507
627.0100,0.882841
627.2100,1.203092
627.4100,1.430064
627.6100,1.591813
627.8100,1.711059
628.0100,1.768925
628.2100,1.748312
628.4100,1.670712
628.6100,1.601898
628.8100,1.508591
629.0100,1.414591
629.2100,1.350334
629.4100,1.314335
629.6100,1.330441
629.8100,1.368574
630.0100,1.410940
630.2100,1.502206
630.4100,1.585834
630.6100,1.665566
630.8100,1.759267
631.0100,1.842554
631.2100,1.826189
631.4100,1.767024
631.6100,1.579786
631.8100,1.373397
632.0100,1.110669
632.2100,0.801697
632.4100,0.453686
632.6100,0.145908
632.8100,-0.153835
633.0100,-0.463006
633.2100,-0.692853
633.4100,-0.903094
633.6100,-1.105970
633.8100,-1.171642
634.0100,-1.266074
634.2100,-1.246306
634.4100,-1.165448
634.6100,-1.038215
634.8100,-0.834981
635.0100,-0.628717
635.2100,-0.357352
635.4100,-0.122062
635.6100,0.145441
635.8100,0.407141
636.0100,0.662469
636.2100,0.962112
636.4100,1.202770
636.6100,1.462709
636.8100,1.620330
637.0100,1.773311
637.2100,1.812806
637.4100,1.819230
637.6100,1.774600
637.8100,1.726106
638.0100,1.693081
638.2100,1.681340
638.4100,1.670782
638.6100,1.765906
638.8100,1.934034
639.0100,2.059466
639.2100,2.279005
639.4100,2.511365
639.6100,2.713195
639.8100,2.905587
640.0100,2.902240
640.2100,2.794729
640.4100,2.610294
640.6100,2.355822
640.8100,2.016227
641.0100,1.811479
641.2100,1.603322
641.4100,1.446944
641.6100,1.341515
641.8100,1.263606
642.0100,1.260056
642.2100,1.229612
642.4100,1.229902
642.6100,1.261544
642.8100,1.266873
643.0100,1.259695
643.2100,1.239104
643.4100,1.223615
643.6100,1.125399
643.8100,1.011275
644.0100,0.869279
644.2100,0.735338
644.4100,0.568075
644.6100,0.437575
644.8100,0.294470
645.0100,0.116524
645.2100,0.045298
645.4100,-0.031262
645.6100,-0.104078
645.8100,-0.162350
646.0100,-0.126562
646.2100,-0.148090
646.4100,-0.117169
646.6100,-0.052253
646.8100,0.047081
647.0100,0.156121
647.2100,0.254573
647.4100,0.330488
647.6100,0.392426
647.8100,0.483396
648.0100,0.545512
648.2100,0.610893
648.4100,0.612914
648.6100,0.667011
648.8100,0.677617
649.0100,0.646610
649.2100,0.630126
649.4100,0.561725
649.6100,0.500292
649.8100,0.455552
650.0100,0.420515
650.2100,0.336937
650.4100,0.215005
650.6100,0.143131
650.8100,-0.006863
651.0100,-0.106243
651.2100,-0.281186
651.4100,-0.474096
651.6100,-0.643740
651.8100,-0.888223
652.0100,-1.118480
652.2100,-1.360289
652.4100,-1.547360
652.6100,-1.744687
652.8100,-1.885230
653.0100,-1.964684
653.2100,-1.928340
653.4100,-1.902355
653.6100,-1.801131
653.8100,-1.634269
654.0100,-1.504453
654.2100,-1.417146
654.4100,-1.377341
654.6100,-1.306326
654.8100,-1.268875
655.0100,-1.302273
655.2100,-1.325970
655.4100,-1.467277
655.6100,-1.531117
655.8100,-1.671779
656.0100,-1.740507
656.2100,-1.846996
656.4100,-1.850704
656.6100,-1.837180
656.8100,-1.722807
657.0100,-1.507811
657.2100,-1.223086
657.4100,-0.909973
657.6100,-0.515903
657.8100,-0.150571
658.0100,0.191415
658.2100,0.518513
658.4100,0.868477
658.6100,1.153972
658.8100,1.443475
659.0100,1.603487
659.2100,1.716760
659.4100,1.736504
659.6100,1.680415
659.8100,1.638240
660.0100,1.542501
660.2100,1.480385
660.4100,1.394811
660.6100,1.318153
660.8100,1.294664
661.0100,1.331590
661.2100,1.309215
661.4100,1.366409
661.6100,1.460711
661.8100,1.548393
662.0100,1.655168
662.2100,1.762834
662.4100,1.841595
662.6100,1.771946
662.8100,1.737929
663.0100,1.595781
663.2100,1.382622
663.4100,1.117890
663.6100,0.818643
663.8100,0.533032
664.0100,0.189105
664.2100,-0.110061
664.4100,-0.395569
664.6100,-0.654731
664.8100,-0.885221
665.0100,-1.040067
665.2100,-1.181659
665.4100,-1.235461
665.6100,-1.230685
665.8100,-1.176633
666.0100,-1.044206
666.2100,-0.874144
666.4100,-0.640129
666.6100,-0.423355
666.8100,-0.176902
667.0100,0.115563
667.2100,0.396162
667.4100,0.628056
667.6100,0.968902
667.8100,1.191208
668.0100,1.413047
668.2100,1.615481
668.4100,1.717799
668.6100,1.766150
668.8100,1.830010
669.0100,1.734933
669.2100,1.707458
669.4100,1.683612
669.6100,1.625520
669.8100,1.662231
670.0100,1.736930
670.2100,1.895530
670.4100,2.001982
670.6100,2.236073
670.8100,2.490076
671.0100,2.701666
671.2100,2.830524
671.4100,2.902122
671.6100,2.803588
671.8100,2.608209
672.0100,2.358287
672.2100,2.080386
672.4100,1.815945
672.6100,1.602816
672.8100,1.410044
673.0100,1.309273
673.2100,1.235887
673.4100,1.176229
673.6100,1.165351
673.8100,1.145549
674.0100,1.203177
674.2100,1.230035
674.4100,1.189444
674.6100,1.202572
674.8100,1.167375
675.0100,1.149752
675.2100,1.058929
675.4100,0.952209
675.6100,0.826019
675.8100,0.699044
676.0100,0.536693
676.2100,0.432043
676.4100,0.275019
676.6100,0.185103
676.8100,0.081102
677.0100,0.026426
677.2100,-0.045845
677.4100,-0.050731
677.6100,-0.091183
677.8100,-0.039911
678.0100,-0.016014
678.2100,0.049185
678.4100,0.115795
678.6100,0.209684
678.8100,0.230199
679.0100,0.354509
679.2100,0.389703
679.4100,0.505236
679.6100,0.490954
679.8100,0.545062
680.0100,0.551302
680.2100,0.621766
680.4100,0.553134
680.6100,0.557139
680.8100,0.507430
681.0100,0.433457
681.2100,0.402258
681.4100,0.350208
681.6100,0.249186
681.8100,0.174407
682.0100,0.036806
682.2100,-0.083360
682.4100,-0.236073
682.6100,-0.384926
682.8100,-0.535933
683.0100,-0.765723
683.2100,-0.981095
683.4100,-1.214135
683.6100,-1.425836
683.8100,-1.565867
684.0100,-1.758434
684.2100,-1.837244
684.4100,-1.838467
684.6100,-1.801767
684.8100,-1.664889
685.0100,-1.635511
685.2100,-1.459026
685.4100,-1.339229
685.6100,-1.283052
685.8100,-1.207112
686.0100,-1.148396
686.2100,-1.117334
686.4100,-1.190553
686.6100,-1.254113
686.8100,-1.278925
687.0100,-1.364071
687.2100,-1.509701
687.4100,-1.655786
687.6100,-1.674232
687.8100,-1.761032
688.0100,-1.730564
688.2100,-1.677021
688.4100,-1.529433
688.6100,-1.305769
688.8100,-0.985707
689.0100,-0.666009
689.2100,-0.394848
689.4100,-0.021010
689.6100,0.378008
689.8100,0.663259
690.0100,0.941801
690.2100,1.223850
690.4100,1.419526
690.6100,1.551047
690.8100,1.605523
691.0100,1.608103
691.2100,1.555382
691.4100,1.490071
691.6100,1.372382
691.8100,1.288581
692.0100,1.207993
692.2100,1.170409
692.4100,1.105595
692.6100,1.071290
692.8100,1.081062
693.0100,1.096052
693.2100,1.146220
693.4100,1.187385
693.6100,1.277597
693.8100,1.338376
694.0100,1.376522
694.2100,1.419315
694.4100,1.467034
694.6100,1.441248
694.8100,1.361931
695.0100,1.216188
695.2100,1.044022
695.4100,0.885029
695.6100,0.666099
695.8100,0.427718
696.0100,0.147661
696.2100,-0.032794
696.4100,-0.269876
696.6100,-0.427772
696.8100,-0.566703
697.0100,-0.687647
697.2100,-0.732966
697.4100,-0.763121
697.6100,-0.692663
697.8100,-0.618459
698.0100,-0.443055
698.2100,-0.287865
698.4100,-0.083817
698.6100,0.108544
698.8100,0.300447
699.0100,0.531145
699.2100,0.717749
699.4100,0.919533
699.6100,1.067051
699.8100,1.158871
700.0100,1.257319
700.2100,1.298893
700.4100,1.299485
700.6100,1.307551
700.8100,1.294838
701.0100,1.221840
701.2100,1.197675
701.4100,1.150164
701.6100,1.203805
701.8100,1.235023
702.0100,1.267739
702.2100,1.416057
702.4100,1.554509
702.6100,1.690440
702.8100,1.880746
703.0100,2.054530
703.2100,2.248780
703.4100,2.302263
703.6100,2.332894
703.8100,2.277024
704.0100,2.038048
704.2100,1.770725
704.4100,1.439529
704.6100,1.082905
704.8100,0.768866
705.0100,0.447688
705.2100,0.097565
705.4100,-0.190209
705.6100,-0.482782
705.8100,-0.793123
706.0100,-1.146068
706.2100,-1.418426
706.4100,-1.684351
706.6100,-1.831246
706.8100,-1.965725
707.0100,-1.998630
707.2100,-1.972980
707.4100,-1.843321
707.6100,-1.628107
707.8100,-1.406498
708.0100,-1.192756
708.2100,-0.939926
708.4100,-0.701405
708.6100,-0.485326
708.8100,-0.286940
709.0100,-0.080403
709.2100,0.194425
709.4100,0.456194
709.6100,0.721186
709.8100,1.013947
710.0100,1.325823
710.2100,1.683187
710.4100,1.990271
710.6100,2.279334
710.8100,2.471313
711.0100,2.594252
711.2100,2.625850
711.4100,2.545208
711.6100,2.454785
711.8100,2.406937
712.0100,2.426363
712.2100,2.470912
712.4100,2.639142
712.6100,2.809768
712.8100,3.024150
713.0100,3.171006
713.2100,3.241412
713.4100,3.191290
713.6100,2.958186
713.8100,2.694881
714.0100,2.425247
714.2100,2.186767
714.4100,2.022564
714.6100,1.934322
714.8100,1.906934
715.0100,1.904051
715.2100,1.923937
715.4100,1.928687
715.6100,1.888271
715.8100,1.822238
716.0100,1.667898
716.2100,1.503418
716.4100,1.188137
716.6100,0.940050
716.8100,0.691855
717.0100,0.337821
717.2100,0.034437
717.4100,-0.209918
717.6100,-0.421981
717.8100,-0.653242
718.0100,-0.796953
718.2100,-0.916005
718.4100,-0.978234
718.6100,-0.901877
718.8100,-0.899160
719.0100,-0.793854
719.2100,-0.629845
719.4100,-0.413132
719.6100,-0.186770
719.8100,0.062970
720.0100,0.299990
720.2100,0.515432
720.4100,0.788081
720.6100,0.980480
720.8100,1.155246
721.0100,1.262561
721.2100,1.364804
721.4100,1.400558
721.6100,1.415277
721.8100,1.361619
722.0100,1.353050
722.2100,1.315488
722.4100,1.262021
722.6100,1.262161
722.8100,1.273142
723.0100,1.353995
723.2100,1.364198
723.4100,1.520556
723.6100,1.638831
723.8100,1.831827
724.0100,2.033773
724.2100,2.162964
724.4100,2.285853
724.6100,2.290130
724.8100,2.266155
725.0100,2.064402
725.2100,1.806531
725.4100,1.444219
725.6100,1.111308
725.8100,0.811907
726.0100,0.447881
726.2100,0.115481
726.4100,-0.196633
726.6100,-0.546024
726.8100,-0.816432
727.0100,-1.130968
727.2100,-1.399678
727.4100,-1.662346
727.6100,-1.819372
727.8100,-1.945379
728.0100,-1.923859
728.2100,-1.844437
728.4100,-1.701178
728.6100,-1.512532
728.8100,-1.286801
729.0100,-1.119547
729.2100,-0.813907
729.4100,-0.602973
729.6100,-0.363399
729.8100,-0.135830
730.0100,0.085104
730.2100,0.358276
730.4100,0.656043
730.6100,0.965412
730.8100,1.238055
731.0100,1.557044
731.2100,1.922637
731.4100,2.161332
731.6100,2.439458
731.8100,2.526248
732.0100,2.537716
732.2100,2.529966
732.4100,2.465176
732.6100,2.335174
732.8100,2.375575
733.0100,2.390983
733.2100,2.556745
733.4100,2.716386
733.6100,2.920147
733.8100,3.160629
734.0100,3.271483
734.2100,3.256407
734.4100,3.077037
734.6100,2.804043
734.8100,2.518450
735.0100,2.281829
735.2100,2.117511
735.4100,2.006138
735.6100,1.977163
735.8100,1.935814
736.0100,2.014560
736.2100,2.027185
736.4100,2.059170
736.6100,1.943632
736.8100,1.768392
737.0100,1.570811
737.2100,1.263443
737.4100,0.970801
737.6100,0.626248
737.8100,0.373882
738.0100,0.051101
738.2100,-0.269529
738.4100,-0.504836
738.6100,-0.707021
738.8100,-0.895030
739.0100,-1.024361
739.2100,-1.116975
739.4100,-1.116928
739.6100,-1.043246
739.8100,-0.909075
740.0100,-0.776021
740.2100,-0.573971
740.4100,-0.291443
740.6100,-0.075804
740.8100,0.231736
741.0100,0.483966
741.2100,0.756950
741.4100,1.014592
741.6100,1.202074
741.8100,1.369272
742.0100,1.450187
742.2100,1.516961
742.4100,1.559282
742.6100,1.557798
742.8100,1.516249
743.0100,1.492331
743.2100,1.420394
743.4100,1.408006
743.6100,1.443989
743.8100,1.480452
744.0100,1.574720
744.2100,1.691050
744.4100,1.902932
744.6100,2.055209
744.8100,2.278061
745.0100,2.393027
745.2100,2.518994
745.4100,2.444779
745.6100,2.336402
745.8100,2.048006
746.0100,1.771270
746.2100,1.477976
746.4100,1.110972
746.6100,0.811547
746.8100,0.498085
747.0100,0.171477
747.2100,-0.058277
747.4100,-0.334640
747.6100,-0.645414
747.8100,-0.895439
748.0100,-1.208278
748.2100,-1.492490
748.4100,-1.731722
748.6100,-1.961129
748.8100,-2.047122
749.0100,-2.177001
749.2100,-2.084941
749.4100,-1.945066
749.6100,-1.805118
749.8100,-1.564547
750.0100,-1.269420
750.2100,-1.041423
750.4100,-0.782068
750.6100,-0.531868
750.8100,-0.330532
751.0100,-0.111285
751.2100,0.096083
751.4100,0.408709
751.6100,0.659083
751.8100,0.979260
752.0100,1.295448
752.2100,1.596903
752.4100,1.991876
752.6100,2.282980
752.8100,2.516775
753.0100,2.617929
753.2100,2.668887
753.4100,2.616639
753.6100,2.529214
753.8100,2.434123
754.0100,2.433605
754.2100,2.471187
754.4100,2.594318
754.6100,2.760553
754.8100,3.003271
755.0100,3.149475
755.2100,3.154961
755.4100,3.119384
755.6100,2.926592
755.8100,2.669768
756.0100,2.356294
756.2100,2.102956
756.4100,1.896658
756.6100,1.786599
756.8100,1.684328
757.0100,1.646841
757.2100,1.640985
757.4100,1.677919
757.6100,1.662350
757.8100,1.621912
758.0100,1.610508
758.2100,1.477928
758.4100,1.343003
758.6100,1.144493
758.8100,0.931735
759.0100,0.683085
759.2100,0.402706
759.4100,0.171706
759.6100,-0.071564
759.8100,-0.207307
760.0100,-0.394495
760.2100,-0.500126
760.4100,-0.616501
760.6100,-0.687730
760.8100,-0.606514
761.0100,-0.580188
761.2100,-0.482922
761.4100,-0.352404
761.6100,-0.180393
761.8100,-0.002573
762.0100,0.145914
762.2100,0.391643
762.4100,0.543913
762.6100,0.712803
762.8100,0.899417
763.0100,0.995337
763.2100,1.048209
763.4100,1.062065
763.6100,1.116089
763.8100,1.113053
764.0100,1.073168
764.2100,1.012884
764.4100,0.982112
764.6100,0.935616
764.8100,0.934409
765.0100,0.925514
765.2100,0.920272
765.4100,0.888848
765.6100,0.925730
765.8100,0.964350
766.0100,0.990384
766.2100,1.059691
766.4100,1.180646
766.6100,1.228691
766.8100,1.333858
767.0100,1.396137
767.2100,1.479419
767.4100,1.489351
767.6100,1.525037
767.8100,1.497455
768.0100,1.405227
768.2100,1.221560
768.4100,1.000076
768.6100,0.744093
768.8100,0.470272
769.0100,0.214314
769.2100,-0.027116
769.4100,-0.293662
769.6100,-0.470559
769.8100,-0.683763
770.0100,-0.830552
770.2100,-0.895874
770.4100,-0.935493
770.6100,-0.901816
770.8100,-0.772651
771.0100,-0.674414
771.2100,-0.503118
771.4100,-0.291254
771.6100,-0.073707
771.8100,0.121584
772.0100,0.395969
772.2100,0.614074
772.4100,0.833028
772.6100,1.047329
772.8100,1.183778
773.0100,1.329216
773.2100,1.429328
773.4100,1.484963
773.6100,1.468477
773.8100,1.450041
774.0100,1.436291
774.2100,1.411140
774.4100,1.378187
774.6100,1.391870
774.8100,1.393696
775.0100,1.468099
775.2100,1.593973
775.4100,1.736607
775.6100,1.924221
775.8100,2.181841
776.0100,2.355785
776.2100,2.508863
776.4100,2.620745
776.6100,2.615003
776.8100,2.429500
777.0100,2.209967
777.2100,1.881890
777.4100,1.570168
777.6100,1.263931
777.8100,0.992531
778.0100,0.772269
778.2100,0.472882
778.4100,0.304008
778.6100,0.036238
778.8100,-0.159365
779.0100,-0.350391
779.2100,-0.572853
779.4100,-0.807900
779.6100,-1.086160
779.8100,-1.295994
780.0100,-1.576778
780.2100,-1.746725
780.4100,-2.008652
780.6100,-2.142880
780.8100,-2.221279
781.0100,-2.156416
781.2100,-2.024359
781.4100,-1.756632
781.6100,-1.513168
781.8100,-1.206964
782.0100,-0.936292
782.2100,-0.638371
782.4100,-0.310379
782.6100,-0.061953
782.8100,0.220968
783.0100,0.575140
783.2100,0.867956
783.4100,1.217940
783.6100,1.585045
783.8100,1.877136
784.0100,2.196445
784.2100,2.377994
784.4100,2.537857
784.6100,2.553628
784.8100,2.464109
785.0100,2.384558
785.2100,2.300367
785.4100,2.296664
785.6100,2.359787
785.8100,2.426304
786.0100,2.653855
786.2100,2.818351
786.4100,3.010725
786.6100,3.085677
786.8100,3.122981
787.0100,2.908894
787.2100,2.650127
787.4100,2.339452
787.6100,2.100442
787.8100,1.809543
788.0100,1.680241
788.2100,1.606663
788.4100,1.485811
788.6100,1.462603
788.8100,1.471019
789.0100,1.450304
789.2100,1.475204
789.4100,1.487260
789.6100,1.437673
789.8100,1.370290
790.0100,1.245021
790.2100,1.110068
790.4100,0.927098
790.6100,0.758373
790.8100,0.539877
791.0100,0.320121
791.2100,0.088425
791.4100,-0.016059
791.6100,-0.156613
791.8100,-0.300412
792.0100,-0.398108
792.2100,-0.420726
792.4100,-0.382158
792.6100,-0.388580
792.8100,-0.310072
793.0100,-0.201323
793.2100,-0.063114
793.4100,0.046530
793.6100,0.188136
793.8100,0.323592
794.0100,0.505079
794.2100,0.618555
794.4100,0.701088
794.6100,0.757677
794.8100,0.827125
795.0100,0.886730
795.2100,0.870048
795.4100,0.891890
795.6100,0.855480
795.8100,0.816930
796.0100,0.779211
796.2100,0.726268
796.4100,0.646337
796.6100,0.601834
796.8100,0.597981
797.0100,0.467805
797.2100,0.419626
797.4100,0.382839
797.6100,0.284604
797.8100,0.189654
798.0100,0.087410
798.2100,0.020139
798.4100,-0.089196
798.6100,-0.217754
798.8100,-0.400529
799.0100,-0.559108
799.2100,-0.803500
799.4100,-1.008060
799.6100,-1.277177
799.8100,-1.529335
